Year,Team,Conf,Seed,Wins,Losses,KenPom,AdjEM,AdjO,AdjD,AdjT,Luck,SOS AdjEM,OppO,OppD,NCSOS AdjEM,AdjO_rank,AdjD_rank,AdjT_rank,Luck_rank,SOS AdjEM_rank,OppO_rank,OppD_rank,NCSOS AdjEM_rank
2018,Villanova,BE,1,33,4,1,32.35,127.5,95.1,68.6,-0.019,10.21,111.1,100.8,4,1,15,159,230,20,18,28,61
2018,Virginia,ACC,1,31,3,2,29.57,115.4,85.8,59.4,0.048,9.31,110.2,100.9,-0.05,31,1,351,65,34,35,33,158
2018,Duke,ACC,2,29,7,3,29.27,123.1,93.9,69.7,-0.022,10.27,110.3,100.1,4.12,2,9,92,235,18,32,11,58
2018,Cincinnati,Amer,2,31,5,4,26.62,113.6,87,64.5,-0.019,3.53,107.1,103.6,-4.11,49,2,332,231,85,89,89,291
2018,Purdue,B10,2,30,7,5,26.1,122.7,96.6,67.1,0.006,8.89,109.3,100.4,0.69,3,32,222,164,41,53,17,144
2018,Michigan St.,B10,3,30,5,6,25.28,119.3,94,67,0.038,6.53,108.8,102.2,-5.05,13,10,232,83,63,63,66,303
2018,Michigan,B10,3,31,7,7,24.27,116,91.7,64.7,0.042,9.17,110.9,101.8,-4.72,25,4,324,70,38,23,56,300
2018,Kansas,B12,1,30,7,8,23.71,121.2,97.4,68.7,0.073,11.69,111.4,99.7,3.61,5,46,149,31,5,11,3,71
2018,North Carolina,ACC,2,26,11,9,23.64,120.5,96.9,71.2,-0.011,13.34,111.9,98.5,7.62,6,36,46,207,1,3,1,16
2018,Gonzaga,WCC,4,32,5,10,23.09,118.3,95.2,69.4,0.009,1.73,106.7,105,3.12,15,18,106,153,106,102,127,78
2018,Texas Tech,B12,3,27,9,11,23,114.1,91.1,66.7,-0.004,9.89,110.6,100.7,-5.2,45,3,247,186,24,30,22,309
2018,West Virginia,B12,5,26,11,12,22.62,119.6,97,69.2,-0.014,10.82,110.2,99.4,-4.65,10,39,120,214,14,36,2,299
2018,Tennessee,SEC,3,26,9,13,22.33,114.9,92.6,66,0.019,11.12,111.5,100.3,7.13,39,6,282,125,8,9,14,20
2018,Clemson,ACC,5,25,10,14,21.7,114.4,92.7,66.1,-0.009,10.3,110.9,100.6,-1.84,43,7,274,204,16,25,21,211
2018,Xavier,BE,1,29,6,15,21.27,120.2,98.9,70.5,0.091,9.21,110.1,100.9,1.88,8,60,62,17,36,38,31,109
2018,Ohio St.,B10,5,25,9,16,20.94,116.1,95.2,67,0.02,8.59,109.9,101.3,0.32,23,17,236,124,46,42,45,152
2018,Kentucky,SEC,5,26,11,17,20.54,116.1,95.5,68.7,-0.008,11.05,111,100,4.62,24,21,144,200,9,19,10,47
2018,Houston,Amer,6,27,8,18,20.26,114.8,94.5,68.4,-0.015,3.97,106.8,102.9,-2.96,41,12,167,216,81,94,73,249
2018,Florida,SEC,6,21,13,19,19.07,114.7,95.6,67.1,-0.059,10.89,110.6,99.7,4.62,42,23,224,309,13,29,4,46
2018,Wichita St.,Amer,4,25,8,20,19.04,121.2,102.1,68.5,-0.026,5.18,107.5,102.3,1.63,4,110,162,255,75,79,68,113
2018,Butler,BE,10,21,14,21,18.78,116.3,97.5,67.6,-0.047,11.03,112.1,101.1,0.16,22,47,205,290,10,1,38,155
2018,Auburn,SEC,4,26,8,22,18.78,115.7,96.9,72.6,0.034,7.64,109.1,101.4,-1.83,26,38,19,94,56,56,48,210
2018,TCU,B12,6,21,12,23,18.7,120,101.3,68.6,-0.067,9.93,111,101.1,-0.77,9,100,160,322,23,20,39,178
2018,Nevada,MWC,7,29,8,24,18.44,120.4,102,69.5,-0.026,5.22,107.2,102,3.75,7,107,104,256,74,86,63,67
2018,Penn St.,B10,,24,13,25,17.84,113.2,95.4,67.5,-0.054,7.18,109.8,102.6,-6.34,52,19,211,301,58,45,71,322
2018,Seton Hall,BE,8,22,12,26,17.81,117,99.1,69.5,-0.028,9.97,110.7,100.7,0.02,18,64,103,261,22,28,24,157
2018,Florida St.,ACC,9,23,11,27,17.79,115.1,97.3,71.4,-0.017,8.84,109.6,100.8,-6.85,33,43,41,223,42,46,26,330
2018,Arizona,P12,4,27,8,28,17.78,118.3,100.5,67.1,0.036,6.09,108.7,102.6,2.57,14,83,223,88,66,64,72,87
2018,Texas A&M,SEC,7,22,13,29,17.02,111.6,94.6,69.5,0.014,11.78,112.1,100.3,5.1,65,13,101,140,4,2,13,37
2018,Creighton,BE,8,21,12,30,16.69,115.6,98.9,70.8,-0.028,9.26,110.9,101.7,-4.17,27,61,57,260,35,24,54,292
2018,Saint Mary's,WCC,,30,6,31,16.27,119.6,103.4,63.5,0.006,-1.96,104.1,106,-4.18,11,135,341,162,187,200,183,293
2018,Baylor,B12,,19,15,32,16.25,111.8,95.6,66.7,-0.079,10.28,111.2,101,-3.69,62,22,249,335,17,14,34,280
2018,Virginia Tech,ACC,8,21,12,33,16.08,115.5,99.4,68.7,-0.018,7.99,109.5,101.5,-9.72,30,70,146,229,53,47,51,344
2018,Loyola Chicago,MVC,11,31,5,34,15.81,111.5,95.7,65.1,0.083,1.47,104.6,103.1,-5.68,67,24,319,20,109,179,78,316
2018,Notre Dame,ACC,,21,15,35,15.77,115.1,99.3,65.4,-0.058,8.66,110.1,101.4,-1.69,36,66,312,308,44,40,47,205
2018,Kansas St.,B12,9,25,11,36,15.68,110.6,94.9,65.5,0.074,9.36,111.3,101.9,-6.42,78,14,308,27,33,12,60,324
2018,Texas,B12,10,19,15,37,15.64,109.8,94.1,65.2,-0.03,12.02,111.8,99.7,2.11,88,11,315,263,2,5,6,99
2018,Louisville,ACC,,22,14,38,15.43,112.3,96.9,69.6,-0.005,8.96,109.9,100.9,-2.52,57,37,95,189,40,43,30,238
2018,Miami FL,ACC,6,22,10,39,15.43,113,97.6,67,0.017,8.13,109.3,101.2,-3.78,54,48,231,128,50,52,41,284
2018,Missouri,SEC,8,20,13,40,14.94,112.1,97.2,65.7,-0.025,9.71,110.1,100.4,1.13,59,42,297,250,30,39,16,133
2018,Syracuse,ACC,11,23,14,41,14.85,107.2,92.4,62.9,0.021,9.88,111.6,101.7,-0.21,135,5,345,119,25,8,55,165
2018,Maryland,B10,,19,13,42,14.84,114.2,99.4,66.3,-0.046,8.03,109,100.9,-4.18,44,67,266,286,52,60,32,294
2018,Arkansas,SEC,7,23,12,43,14.77,116.6,101.8,69.7,0.059,10.03,110.7,100.7,0.93,20,106,93,56,21,27,23,141
2018,Western Kentucky,CUSA,,27,10,44,14.71,115.1,100.4,68.8,0.008,3.45,106.9,103.5,3.76,34,82,143,154,88,92,87,66
2018,Davidson,A10,12,21,12,45,14.69,117.2,102.5,64.5,-0.063,2.15,105.9,103.7,1.41,16,118,331,318,103,117,93,122
2018,Middle Tennessee,CUSA,,25,8,46,14.69,111.5,96.8,66.5,0.008,3.63,107.7,104.1,7.73,66,35,259,155,82,76,101,14
2018,North Carolina St.,ACC,9,21,12,47,14.51,116.5,102,71.4,-0.001,7.72,108.8,101.1,-9.69,21,108,39,180,54,62,40,342
2018,Oklahoma,B12,10,18,14,48,14.35,114.9,100.6,75.5,-0.008,11.92,111.6,99.7,2.14,38,84,4,199,3,7,5,96
2018,Mississippi St.,SEC,,25,11,49,14.31,110.9,96.6,67.5,0.042,6.75,108.6,101.8,-10.51,75,31,214,71,60,66,57,345
2018,Arizona St.,P12,11,20,12,50,14.25,117,102.8,71.3,-0.083,5.65,107.6,102,1.15,17,121,44,340,70,77,62,131
2018,USC,P12,,24,12,51,14.16,114.8,100.6,67.7,-0.017,5.26,108.5,103.3,1.47,40,85,199,222,73,68,82,118
2018,San Diego St.,MWC,11,22,11,52,14.13,110.7,96.6,68.8,-0.032,3.54,107.5,104,-0.71,77,30,142,265,84,80,96,176
2018,Rhode Island,A10,7,26,8,53,13.93,111.3,97.4,68.3,0.063,3.51,107.8,104.3,3.84,70,45,173,44,86,75,107,64
2018,UCLA,P12,11,21,12,54,13.6,115.2,101.6,70.3,-0.027,6.53,108.4,101.9,2.95,32,103,70,258,62,70,59,81
2018,Alabama,SEC,9,20,16,55,13.49,108.9,95.4,68.7,0.017,11.31,111.1,99.8,2.62,105,20,150,130,6,15,8,84
2018,Utah,P12,,22,11,56,13.4,112.2,98.8,65.6,0.024,5.75,109,103.2,-1.18,58,58,299,114,69,59,81,186
2018,Nebraska,B10,,22,11,57,13.38,110.7,97.4,67.4,0.055,7.02,108.6,101.6,-3.12,76,44,216,59,59,65,53,259
2018,Marquette,BE,,21,14,58,13.37,119.3,105.9,69.5,0.02,9.77,111,101.2,-0.63,12,186,100,123,29,22,42,174
2018,Oklahoma St.,B12,,21,15,59,13.14,111.8,98.7,68.9,-0.001,9.47,111,101.5,-5.28,61,57,136,182,32,21,52,311
2018,New Mexico St.,WAC,12,28,6,60,12.95,108.1,95.2,68.5,0.027,-1.33,104.3,105.6,3.77,116,16,165,105,175,192,158,65
2018,Boise St.,MWC,,23,9,61,12.91,110.1,97.2,68.8,-0.006,2.28,106.8,104.5,-1.93,82,41,141,194,101,95,116,215
2018,Murray St.,OVC,12,26,6,62,12.17,113.1,100.9,67.2,-0,-3.56,103.1,106.6,-1.06,53,92,221,178,245,259,223,185
2018,Old Dominion,CUSA,,25,7,63,12.15,109,96.8,64.5,0.041,-1.24,104.6,105.8,-3.41,103,34,330,77,171,178,173,270
2018,Providence,BE,10,21,14,64,11.91,109,97.1,67.1,0.074,10.39,111.8,101.4,-1.37,102,40,226,28,15,4,46,193
2018,Georgia,SEC,,18,15,65,11.76,107.8,96,64.4,0.01,10.25,111.2,101,0.62,122,27,334,146,19,13,35,147
2018,LSU,SEC,,18,15,66,11.75,115.1,103.4,68.7,-0.018,8.76,110.3,101.5,-2.82,35,134,148,226,43,33,50,246
2018,Buffalo,MAC,13,27,9,67,11.6,115,103.4,72.7,0.006,0.04,105.4,105.3,3.91,37,136,16,159,139,143,146,62
2018,St. Bonaventure,A10,11,26,8,68,11.2,111,99.8,69.4,0.078,2.82,107.2,104.4,1.2,74,74,105,22,94,87,110,129
2018,Louisiana Lafayette,SB,,27,7,69,11.16,112.9,101.8,70.6,0.033,-2.53,103.7,106.2,-0.51,55,105,59,95,214,220,196,171
2018,Wisconsin,B10,,15,18,70,10.52,109.9,99.4,62.7,-0.068,9.77,111.1,101.3,0.03,84,68,347,325,28,17,43,156
2018,BYU,WCC,,24,11,71,10.43,108.6,98.2,67.9,0.006,0.7,106.7,106,-2.02,109,54,190,163,128,101,182,217
2018,Montana,BSky,14,26,8,72,10.41,109,98.6,68,-0,-1.89,104.3,106.2,2.11,101,56,184,177,186,191,194,98
2018,Oregon,P12,,23,13,73,10.32,111.4,101.1,67.3,0.004,3.62,108.2,104.6,-6.09,69,97,217,165,83,73,117,318
2018,Indiana,B10,,16,15,74,10.29,109.5,99.2,66.6,-0.025,7.71,109.8,102.1,-2.75,93,65,251,253,55,44,64,243
2018,Boston College,ACC,,19,16,75,10.23,113.3,103.1,70.1,0.004,8.55,109.4,100.8,-7.12,51,127,73,167,47,51,27,335
2018,South Dakota St.,Sum,12,28,7,76,10.2,114,103.8,70.5,0.097,-0.05,106.1,106.1,3.65,47,150,61,13,141,113,190,68
2018,Vermont,AE,,27,8,77,10.18,114,103.8,64.1,-0.009,-2.97,102.7,105.7,4.51,48,148,339,203,231,273,162,49
2018,Fresno St.,MWC,,21,11,78,10.1,109.9,99.8,66.6,-0.057,0.91,106,105.1,-6.24,83,75,253,305,123,114,137,321
2018,St. John's,BE,,16,17,79,10.07,106.5,96.5,69.3,-0.016,10.95,111.7,100.7,3.11,142,29,110,221,12,6,25,79
2018,South Carolina,SEC,,17,16,80,10.03,105.8,95.8,68.7,0.003,9.79,110.2,100.5,0.95,158,25,152,170,27,34,18,140
2018,South Dakota,Sum,,26,9,81,9.84,109.2,99.4,70.9,-0.048,-2.95,104.9,107.8,-1.6,98,69,51,293,230,164,288,198
2018,UNC Greensboro,SC,13,27,8,82,9.28,105.1,95.9,65.2,-0.024,-4.47,103.9,108.4,-3.28,172,26,316,245,274,209,313,265
2018,Belmont,OVC,,24,9,83,9.14,112.9,103.7,66.9,-0.004,-3.19,103.4,106.6,1.49,56,145,239,185,237,238,217,117
2018,SMU,Amer,,17,16,84,8.63,109.7,101.1,64.3,-0.102,2.47,105.6,103.2,-3.79,90,98,336,347,99,128,80,286
2018,Stanford,P12,,19,16,85,8.47,108,99.5,70.9,0.016,6.43,109.4,103,3.59,118,71,53,133,64,49,76,73
2018,Northwestern,B10,,15,17,86,8.36,109.3,100.9,63.9,-0.068,8.65,109.1,100.5,-1.91,97,93,340,326,45,55,19,213
2018,Temple,Amer,,17,16,87,8.3,108.5,100.2,67.6,0.028,8.51,109,100.5,9.06,111,81,204,104,48,57,20,9
2018,Vanderbilt,SEC,,12,20,88,8.08,115.6,107.5,65.8,-0.08,11.27,111.1,99.8,4.46,28,216,289,336,7,16,7,51
2018,Wake Forest,ACC,,11,20,89,7.99,111.1,103.2,69.5,-0.12,9.13,109.5,100.4,-1.32,72,128,102,350,39,48,15,191
2018,Iowa,B10,,14,19,90,7.98,116.6,108.7,70.3,-0.09,8.11,109.4,101.3,-4.05,19,242,71,341,51,50,44,290
2018,Utah Valley,WAC,,23,11,91,7.86,111,103.2,68.1,-0.006,-1.82,102.7,104.5,1.42,73,129,182,192,182,272,115,121
2018,Northern Kentucky,Horz,,22,10,92,7.63,107.6,99.9,68.6,-0.073,-4.31,102.7,107,1.98,127,77,158,332,264,275,245,103
2018,East Tennessee St.,SC,,25,9,93,7.48,105.5,98,67.6,-0,-4.15,103.8,107.9,-1.61,165,52,202,179,258,215,292,199
2018,Furman,SC,,23,10,94,7.45,109.1,101.7,68.6,-0.005,-4.45,103.3,107.8,-0.65,99,104,156,190,272,242,282,175
2018,Northeastern,CAA,,23,10,95,7.32,108,100.7,67,0.03,-1.24,106.4,107.6,4.12,117,87,235,98,172,105,273,59
2018,Bucknell,Pat,14,25,10,96,7.28,109.7,102.4,71.4,0.006,-4.34,103,107.3,5.8,91,116,40,161,265,261,262,30
2018,Washington,P12,,21,13,97,7.18,106.8,99.7,69.8,0.075,4.87,108.6,103.7,-0.4,140,73,89,24,76,67,92,169
2018,Georgetown,BE,,15,15,98,7.16,109.8,102.6,70.5,-0.046,6.07,108.5,102.4,-17.83,86,119,65,285,67,69,69,351
2018,Oregon St.,P12,,16,16,99,7.07,108.5,101.4,65.5,-0.083,3.14,107.6,104.5,-7.28,113,101,305,339,89,78,112,336
2018,Georgia St.,SB,15,24,11,100,6.95,109,102.1,66.8,-0.015,-2.43,103.6,106,-3.09,100,109,246,218,205,228,184,257
2018,Iowa St.,B12,,13,18,101,6.76,110.2,103.5,68.9,-0.009,10.95,110.8,99.8,-3.08,80,138,130,201,11,26,9,256
2018,DePaul,BE,,11,20,102,6.73,104.5,97.8,69.8,-0.103,9.53,111.4,101.8,-4.35,184,50,88,348,31,10,58,296
2018,New Mexico,MWC,,19,15,103,6.55,113.6,107,71.3,-0.022,2.77,106.2,103.4,1.47,50,206,43,238,96,110,84,119
2018,Northern Colorado,BSky,,24,12,104,6.55,107.7,101.1,71.7,-0.032,-1.23,105,106.2,1.46,125,99,33,267,170,159,195,120
2018,Mississippi,SEC,,12,20,105,6.54,111.4,104.9,70,-0.053,9.79,109.9,100.1,1,68,166,77,299,26,41,12,138
2018,Marshall,CUSA,13,25,11,106,6.54,109.6,103,74.7,0.06,0.11,105.8,105.7,-6.95,92,126,6,54,138,118,165,333
2018,Illinois,B10,,14,18,107,6.52,109.8,103.3,69.9,-0.093,7.21,108.3,101.1,-3.16,87,131,82,343,57,72,37,263
2018,UNLV,MWC,,20,13,108,6.48,111.6,105.1,72.3,-0.012,0.93,106.2,105.3,-4.96,64,175,22,209,122,108,144,302
2018,UAB,CUSA,,20,13,109,6.33,109.8,103.5,67.7,-0.047,-0.89,104.7,105.6,-6.92,85,137,200,291,160,172,160,331
2018,Tulsa,Amer,,19,12,110,6.05,108.5,102.5,67.3,0.029,0.75,105.7,105,-1.93,112,117,220,103,126,124,129,214
2018,Stephen F. Austin,Slnd,14,28,7,111,5.71,104.8,99.1,71.1,0.031,-7.01,100.9,107.9,-2.12,180,63,49,97,319,330,289,221
2018,UCF,Amer,,19,13,112,5.63,99.1,93.4,64.4,0.062,2.56,106.8,104.2,-2.45,281,8,333,49,98,99,105,235
2018,Toledo,MAC,,23,11,113,5.35,114.1,108.8,68.4,0.049,-1.87,104.1,106,-1.9,46,247,166,64,184,195,181,212
2018,Colorado,P12,,17,15,114,5.34,105.2,99.8,67.8,0.068,6.38,110.4,104,-0.07,171,76,196,37,65,31,98,160
2018,College of Charleston,CAA,13,26,8,115,5.17,108.9,103.8,64.9,0.035,-4,105,109,-7.51,104,147,323,91,255,152,332,337
2018,Saint Joseph's,A10,,16,16,116,5.04,105.8,100.7,70.5,-0.052,0.71,105.5,104.8,1.97,161,88,60,296,127,137,123,104
2018,Wyoming,MWC,,20,13,117,5.02,105.8,100.8,73.5,0.068,3.51,107.5,104,2.38,159,91,13,36,87,82,97,89
2018,Minnesota,B10,,15,17,118,4.93,108.9,103.9,69.8,-0.02,6.74,108.9,102.2,-5.08,106,154,85,234,61,61,65,306
2018,Georgia Tech,ACC,,13,19,119,4.91,103.8,98.9,66.1,-0.022,8.16,109,100.8,-5.55,196,59,278,239,49,58,29,315
2018,Missouri St.,MVC,,18,15,120,4.69,108.5,103.8,65.5,-0.046,0.98,104.1,103.1,-3,114,149,306,287,121,196,79,252
2018,Grand Canyon,WAC,,22,12,121,4.56,102.3,97.7,69,-0.066,-6.86,100.2,107.1,-11.33,227,49,125,320,316,336,250,346
2018,UC Santa Barbara,BW,,23,9,122,4.36,111.7,107.3,66.7,0.034,-3.73,102.1,105.8,-0.72,63,212,250,92,249,295,172,177
2018,Northern Iowa,MVC,,16,16,123,4.34,103.3,98.9,62.7,-0.032,4.47,106.9,102.5,6.02,207,62,349,266,79,91,70,28
2018,Bradley,MVC,,20,13,124,3.85,104.5,100.7,65.8,0.042,0.98,104.9,103.9,-4.49,186,86,290,75,120,166,94,297
2018,Penn,Ivy,16,24,9,125,3.64,103.2,99.6,68.9,0.076,-4.15,103.9,108,-2.97,208,72,132,23,259,211,299,250
2018,Idaho,BSky,,22,9,126,3.6,109.4,105.8,65.6,0.039,-3.88,103.4,107.3,-2.91,94,184,302,80,252,237,260,248
2018,Florida Gulf Coast,ASun,,23,12,127,3.48,107.7,104.2,71.6,-0.059,-6.91,102.6,109.5,-0.63,123,158,35,312,318,278,341,173
2018,UT Arlington,SB,,21,13,128,3.37,105.7,102.3,72.8,0.009,-1.33,104.4,105.7,-1.2,162,114,15,152,176,185,166,187
2018,UC Davis,BW,,22,11,129,3.36,104.4,101,66.5,0.041,-0.91,104,104.9,4.28,187,96,261,76,161,205,126,56
2018,San Diego,WCC,,20,14,130,3.1,103.9,100.8,66.9,-0.014,-0.63,104.7,105.4,-2.62,193,90,240,215,153,173,150,240
2018,Canisius,MAAC,,21,12,131,3.02,107.4,104.4,68.9,-0.034,-4.8,102.6,107.4,-2.86,133,159,131,271,281,281,264,247
2018,Rutgers,B10,,15,19,132,2.91,99.3,96.4,66,-0.043,5.46,108.3,102.9,-14.3,273,28,281,283,71,71,74,348
2018,Evansville,MVC,,17,15,133,2.74,99.5,96.7,65.7,0.015,1.31,105.6,104.3,-3.44,269,33,295,138,112,132,106,274
2018,Eastern Washington,BSky,,20,15,134,2.74,107.5,104.8,66.6,-0.004,0.22,105.6,105.4,6.36,128,164,256,184,135,129,151,26
2018,Southern Illinois,MVC,,20,13,135,2.71,106.3,103.6,66.6,0.073,1.2,104.7,103.5,-4.01,148,142,252,30,116,175,88,288
2018,Iona,MAAC,15,20,14,136,2.6,110.2,107.5,70.6,-0.008,-2.12,103.3,105.5,2.13,81,218,58,197,195,239,153,97
2018,Utah St.,MWC,,17,17,137,2.6,107.5,104.9,66.8,-0.014,2.81,106.9,104.1,-0.87,132,165,244,213,95,93,102,182
2018,Wright St.,Horz,14,25,10,138,2.6,100.6,98,68.3,0.074,-4.07,102.8,106.9,2.25,252,51,175,26,256,270,237,92
2018,Indiana St.,MVC,,13,18,139,2.49,104.8,102.3,69.9,-0.097,3.04,105.3,102.3,2.04,178,112,81,346,91,145,67,100
2018,Eastern Michigan,MAC,,22,13,140,2.37,102.6,100.2,65.1,-0.006,-2.39,105.7,108.1,-2.26,218,79,318,193,202,126,300,224
2018,Jacksonville St.,OVC,,23,13,141,2.32,102.5,100.2,66.2,-0.005,-4.43,103.8,108.3,-9.3,219,78,271,191,271,212,311,341
2018,Harvard,Ivy,,18,14,142,2.28,100.8,98.5,65.6,-0.008,-0.97,105.6,106.6,3.29,248,55,301,198,163,130,218,77
2018,VCU,A10,,18,15,143,2.26,106.3,104,70.9,0.015,0.54,105.5,105,1.21,149,155,52,136,130,139,128,128
2018,Illinois St.,MVC,,18,15,144,2.23,105.8,103.5,68.9,0.116,4.84,106.3,101.5,6.58,160,139,134,6,77,106,49,22
2018,Rider,MAAC,,22,10,145,2.2,109.4,107.2,73.8,0.088,-2.78,103.3,106.1,0.27,95,209,8,19,221,245,189,153
2018,UC Irvine,BW,,18,17,146,2.2,100.4,98.2,67,-0.025,1.2,105.9,104.7,9.12,254,53,237,251,117,116,121,8
2018,Saint Louis,A10,,17,16,147,2.07,102.3,100.2,64.1,0.003,1.24,107.1,105.8,1.01,228,80,337,169,114,90,171,137
2018,Louisiana Tech,CUSA,,17,16,148,1.99,107.1,105.1,67.3,-0.067,-0.36,104.3,104.7,-3.3,137,174,218,324,147,188,122,267
2018,North Texas,CUSA,,18,17,149,1.73,105.4,103.7,67.5,-0.052,-0.56,103.9,104.5,0.6,167,143,209,298,150,208,114,148
2018,Albany,AE,,22,10,150,1.67,107.3,105.6,66.2,0.007,-6.48,101.6,108.1,-5.19,134,181,272,158,308,307,303,308
2018,Valparaiso,MVC,,15,17,151,1.66,103.2,101.5,69.7,-0.053,1.55,105.2,103.7,-2.65,212,102,90,300,107,147,90,241
2018,Georgia Southern,SB,,21,12,152,1.65,106.1,104.5,68.9,0.015,-2.47,103.1,105.6,-1.52,152,161,135,137,207,255,157,195
2018,San Francisco,WCC,,21,15,153,1.52,102.4,100.9,66.8,0.072,-0.14,106.8,106.9,-1.64,222,94,243,32,143,98,240,202
2018,Mercer,SC,,19,15,154,1.29,112,110.7,64.3,-0.047,-2.78,103.1,105.9,-0.05,60,283,335,288,222,253,177,159
2018,Towson,CAA,,18,14,155,1.27,106.2,104.9,67.9,-0.07,-2.79,105,107.8,-2.23,151,168,188,329,223,154,284,223
2018,Winthrop,BSth,,19,12,156,1.02,106.4,105.4,71.6,-0.037,-5.3,101.9,107.2,2.18,145,176,34,274,288,303,255,94
2018,La Salle,A10,,13,19,157,1,105,104,68.9,-0.072,1.15,105.8,104.6,2.21,175,156,129,331,119,123,118,93
2018,Drake,MVC,,17,17,158,0.98,106.1,105.1,68.4,0.016,2.15,105.6,103.4,-0.35,154,173,168,134,102,133,85,167
2018,Hofstra,CAA,,19,12,159,0.94,111.3,110.4,68.9,0.062,-1.78,105.6,107.4,1.97,71,281,137,50,181,127,266,105
2018,Weber St.,BSky,,20,11,160,0.91,106.9,106,67.6,0.037,-2.87,104.1,107,-0.16,138,187,206,87,225,194,246,164
2018,Memphis,Amer,,21,13,161,0.78,107.7,106.9,66.6,0.135,0.46,104.9,104.4,-6.36,124,200,255,1,131,165,111,323
2018,Central Michigan,MAC,,21,14,162,0.73,110.2,109.5,67.5,-0.022,-3.27,103.6,106.9,-9.2,79,262,213,236,238,229,235,340
2018,Cal St. Fullerton,BW,15,20,12,163,0.69,104,103.3,69.6,0.097,-1.08,104,105.1,2.89,190,132,98,14,165,204,135,82
2018,Wofford,SC,,21,13,164,0.67,109.4,108.7,66.1,0.043,-2.48,103.9,106.4,2.17,96,243,273,68,208,207,205,95
2018,Portland St.,BSky,,20,14,165,0.62,108.1,107.5,74.5,0.022,-0.72,105.1,105.9,3.42,115,217,7,115,156,149,174,76
2018,UMBC,AE,16,25,11,166,0.5,103.4,102.9,68.4,0.125,-4.36,102.9,107.3,-3.55,205,123,170,2,267,266,259,277
2018,Fort Wayne,Sum,,18,15,167,0.48,107.9,107.4,72.6,-0.072,-2.48,104.7,107.2,-2.32,120,215,18,330,209,176,254,226
2018,Lipscomb,ASun,15,23,10,168,0.44,103.5,103,74.9,0.112,-4.25,103.4,107.7,5.91,203,125,5,7,263,235,278,29
2018,Radford,BSth,16,23,13,169,0.21,103.2,103,63,0.063,-3.81,103.2,107,3.63,210,124,344,45,251,252,243,69
2018,William & Mary,CAA,,19,12,170,0.08,115.5,115.5,70,0.098,-0.72,105.7,106.5,3.63,29,335,78,11,155,125,209,70
2018,Tulane,Amer,,14,17,171,0.04,107.1,107.1,69,-0.018,0.81,104.9,104.1,-6.2,136,207,127,225,124,167,100,320
2018,Dayton,A10,,14,17,172,0.03,108.6,108.6,66.3,-0.004,1.4,105.8,104.4,1.49,110,238,268,187,110,120,109,116
2018,Ball St.,MAC,,19,13,173,-0.01,103.5,103.5,69.9,0.06,-1.98,104.9,106.9,-1.46,201,140,83,55,190,163,239,194
2018,UTSA,CUSA,,20,15,174,-0.09,104.9,105,71.8,0.038,-1.01,104.1,105.1,1.37,176,169,28,82,164,198,134,123
2018,Pacific,WCC,,14,18,175,-0.29,106.9,107.2,66.3,-0.016,1.47,106.1,104.7,1.94,139,208,267,220,108,111,120,106
2018,North Dakota St.,Sum,,15,17,176,-0.35,105.2,105.6,66.5,-0.078,-0.03,106.5,106.6,1.68,169,178,262,334,140,104,214,112
2018,Troy,SB,,16,17,177,-0.41,106.3,106.7,68.3,-0.065,-1.18,103.9,105.1,-0.08,147,198,176,319,168,210,132,162
2018,Connecticut,Amer,,14,18,178,-0.46,105.1,105.6,67,0.075,5.91,107.9,102,4.85,173,179,234,25,68,74,61,41
2018,Oakland,Horz,,19,14,179,-0.51,107.5,108,70.3,0.011,-4.66,102.7,107.3,1.31,131,229,72,145,278,276,261,124
2018,Liberty,BSth,,21,14,180,-0.53,104.5,105.1,63.1,-0.061,-6.56,102,108.5,-5.38,183,172,343,314,310,298,318,314
2018,Wagner,NEC,,23,10,181,-0.64,103.2,103.9,67.6,0.07,-8.36,101.4,109.8,-0.08,209,152,201,33,334,314,343,161
2018,Richmond,A10,,12,20,182,-0.8,107.6,108.4,67.9,-0.022,2.76,106.8,104,5.45,126,234,189,237,97,100,99,34
2018,Monmouth,MAAC,,11,20,183,-1.24,103.7,105,70,-0.112,-0.84,105,105.9,5.08,198,170,79,349,159,155,175,38
2018,Nicholls St.,Slnd,,21,11,184,-1.48,103.6,105.1,73.5,0.037,-5.56,102.2,107.8,4.19,200,171,12,85,294,290,280,57
2018,Washington St.,P12,,12,19,185,-1.56,108.7,110.2,68.2,0.004,4.56,107.4,102.9,-1.64,108,276,178,166,78,83,75,203
2018,UNC Asheville,BSth,,21,13,186,-1.73,106,107.7,69.4,0.095,-3.14,103.6,106.8,5.68,156,224,108,16,234,227,228,32
2018,Western Michigan,MAC,,17,15,187,-1.98,106.4,108.4,67.8,0.01,-1.89,104.6,106.5,-2.57,144,235,193,148,185,177,212,239
2018,Austin Peay,OVC,,19,15,188,-2.14,105.1,107.2,69.2,0.052,-2.75,103.3,106.1,4.37,174,211,115,60,218,243,187,54
2018,Illinois Chicago,Horz,,19,15,189,-2.4,101.2,103.6,72.3,0,-5.08,102.4,107.5,-1.56,244,141,21,176,286,284,269,196
2018,Princeton,Ivy,,13,16,190,-2.48,105.5,108,64.5,-0.055,-2.01,104.4,106.4,2.02,164,230,328,303,191,186,203,101
2018,Long Beach St.,BW,,15,18,191,-2.54,106.4,108.9,71.8,0.027,1.24,104.9,103.7,8.35,146,252,29,106,115,162,91,11
2018,Ohio,MAC,,14,17,192,-2.67,100.7,103.3,71.3,-0.047,-1.37,105.2,106.6,-1.69,251,133,45,292,177,148,216,204
2018,George Washington,A10,,15,18,193,-2.7,103.8,106.5,65.8,0.036,0.32,105.5,105.2,0.18,197,193,288,90,133,141,140,154
2018,Miami OH,MAC,,16,18,194,-2.78,100.5,103.2,66.7,0.022,-0.6,105.1,105.7,1.68,253,130,248,118,152,150,164,111
2018,Seattle,WAC,,20,14,195,-2.91,104,106.9,67.4,0.038,-4.35,102.2,106.5,-5.16,191,201,215,81,266,292,213,307
2018,Yale,Ivy,,16,15,196,-3.22,104,107.2,68.8,0.042,-1.86,105,106.9,1.5,189,210,140,73,183,153,238,115
2018,Southeastern Louisiana,Slnd,,22,12,197,-3.22,102.9,106.1,65.7,0.118,-4.98,101.9,106.8,1.16,215,188,296,3,284,304,230,130
2018,Tennessee St.,OVC,,15,15,198,-3.27,97.7,101,65.6,0.016,-2.94,103.7,106.7,4.1,305,95,300,132,229,218,226,60
2018,Hawaii,BW,,17,13,199,-3.31,99.4,102.7,67.8,0.034,-3.89,103.1,107,-3.56,272,120,192,93,253,254,248,278
2018,Sam Houston St.,Slnd,,21,14,200,-3.41,102.3,105.7,66.9,0.043,-4.65,102.3,107,4.36,231,182,241,69,277,287,244,55
2018,Milwaukee,Horz,,16,17,201,-3.46,100.3,103.7,65.7,-0.023,-4.75,102.4,107.1,-2.03,257,144,294,242,280,285,253,218
2018,Lamar,Slnd,,19,14,202,-3.63,101.8,105.5,67.8,-0.059,-6.84,100.8,107.6,-1.69,238,177,195,310,314,331,275,206
2018,Duquesne,A10,,16,16,203,-3.63,104.8,108.5,66.2,-0.059,-6.18,101.4,107.6,-16.91,179,236,269,311,302,311,274,350
2018,Colgate,Pat,,19,14,204,-3.72,105.2,108.9,66.6,0.03,-6.22,101.9,108.2,-2.43,170,253,254,99,304,300,305,233
2018,Niagara,MAAC,,19,14,205,-4.02,109.7,113.7,73.7,0.09,-4.07,102.9,106.9,-3.49,89,323,10,18,257,268,241,275
2018,Southern Miss,CUSA,,16,18,206,-4.04,106,110.1,65.4,0.037,2.44,105.5,103.1,4.48,155,272,309,84,100,136,77,50
2018,Appalachian St.,SB,,15,18,207,-4.1,103.6,107.7,70.1,-0.026,-2.53,103.2,105.8,-0.13,199,225,75,257,213,248,167,163
2018,Massachusetts,A10,,13,20,208,-4.12,106.6,110.7,66.4,-0.013,-0.53,104.5,105,-3.15,141,284,264,212,149,182,131,262
2018,Coastal Carolina,SB,,14,18,209,-4.17,102,106.1,67.8,-0.052,-2.2,103.8,106,0.83,235,189,194,297,199,216,178,142
2018,Denver,Sum,,15,15,210,-4.22,102.8,107,66.4,0.026,-2.04,104.8,106.8,-3.28,216,205,265,108,194,169,231,264
2018,Central Arkansas,Slnd,,18,17,211,-4.3,105.6,109.9,72.7,0.001,-5.3,101,106.3,-2.1,163,269,17,175,287,327,199,220
2018,Kent St.,MAC,,17,17,212,-4.31,102.3,106.6,68.7,0.066,-1.62,104.5,106.2,-1.95,225,194,151,40,179,180,192,216
2018,Fairfield,MAAC,,17,16,213,-4.4,102.3,106.7,70.5,0.051,-4.52,103.2,107.7,-0.9,230,195,63,63,276,250,277,183
2018,Campbell,BSth,,18,16,214,-4.84,106.1,111,68,-0.057,-7.09,100.9,108,-8,153,293,185,306,320,329,297,338
2018,Hartford,AE,,19,14,215,-4.92,103.1,108,66.5,0.065,-6.01,101.4,107.4,-6.71,213,231,258,41,300,315,265,328
2018,St. Francis PA,NEC,,18,13,216,-4.95,106.5,111.4,68.2,0.039,-7.45,101.6,109,2.61,143,300,180,79,327,309,330,85
2018,Manhattan,MAAC,,14,17,217,-4.99,99.5,104.5,65.8,-0.007,-4.25,103.7,107.9,-3.78,270,160,292,196,262,221,293,283
2018,Saint Peter's,MAAC,,14,18,218,-5.04,95.7,100.8,62.6,-0.037,-4.4,104.1,108.5,-5.38,327,89,350,273,270,203,316,313
2018,Tennessee Tech,OVC,,19,14,219,-5.05,98.7,103.8,70.9,0.118,-2.75,104.3,107.1,-0.4,288,146,54,4,217,187,251,170
2018,George Mason,A10,,16,17,220,-5.23,102.3,107.6,69.1,0.117,-0.7,105.4,106.1,-3.64,224,220,122,5,154,144,185,279
2018,South Alabama,SB,,14,18,221,-5.31,97.1,102.4,70.3,-0.033,-2.93,103.2,106.1,-6.12,309,115,69,270,228,249,191,319
2018,FIU,CUSA,,14,18,222,-5.36,98.6,103.9,69,-0.039,-3.16,103.2,106.3,-6.94,292,153,128,278,235,251,201,332
2018,Stony Brook,AE,,13,19,223,-5.39,97,102.3,68.4,0.009,-2.18,104.4,106.6,1.07,313,113,171,150,197,184,219,135
2018,Colorado St.,MWC,,11,21,224,-5.62,102.9,108.5,69.6,0.037,4,107.4,103.4,1.24,214,237,97,86,80,85,83,127
2018,Idaho St.,BSky,,14,16,225,-5.66,103.5,109.1,68.1,-0.005,-3.61,104.1,107.7,-2.31,204,257,181,188,246,202,276,225
2018,Navy,Pat,,20,12,226,-5.69,98.9,104.6,65.4,0.095,-8.19,101,109.2,-6.54,284,162,310,15,333,324,335,325
2018,Pittsburgh,ACC,,8,24,227,-5.75,99.2,104.9,65.2,0.007,9.19,110.2,101,-3.55,279,167,317,157,37,37,36,276
2018,Texas St.,SB,,15,18,228,-5.77,100,105.8,62.7,0.003,-2.92,103.3,106.3,-6.74,260,183,348,171,227,241,198,329
2018,Bowling Green,MAC,,16,16,229,-5.97,102.3,108.3,70,0.066,-2.51,104.1,106.6,-4.61,229,233,76,39,211,199,220,298
2018,Louisiana Monroe,SB,,16,16,230,-5.98,100.7,106.7,66.1,0.042,-2.78,103,105.8,-3.08,250,196,279,72,220,262,170,255
2018,James Madison,CAA,,10,22,231,-5.98,101.6,107.6,67.8,-0.025,-2.04,105.8,107.8,-0.81,241,221,191,252,193,121,286,180
2018,Loyola Marymount,WCC,,11,20,232,-6.04,107.5,113.6,66.9,0.012,0.68,105.6,104.9,-2.45,129,321,242,142,129,134,124,234
2018,Columbia,Ivy,,8,19,233,-6.1,107.5,113.6,70,-0.146,-3.51,102.9,106.4,-1.23,130,322,80,351,244,265,208,189
2018,Florida Atlantic,CUSA,,12,19,234,-6.13,96.1,102.3,69.2,-0.025,-0.28,105,105.3,-0.36,321,111,117,249,144,156,142,168
2018,Air Force,MWC,,12,19,235,-6.22,100.7,107,66,0.022,1.79,106,104.2,-5.06,249,203,284,117,105,115,103,304
2018,Oral Roberts,Sum,,11,21,236,-6.25,106.3,112.5,65.3,-0.033,2.95,107.4,104.5,8.46,150,314,314,269,92,84,113,10
2018,Lehigh,Pat,,16,14,237,-6.25,105.9,112.1,70.8,0.042,-6.81,101.4,108.2,-2.16,157,309,56,74,313,313,310,222
2018,High Point,BSth,,14,16,238,-6.34,100.4,106.7,65.9,-0.082,-6.21,101.9,108.2,-1.76,255,197,287,338,303,299,304,207
2018,North Dakota,BSky,,12,20,239,-6.39,103.3,109.7,71.4,0.015,1.15,106.2,105.1,6.5,206,266,38,135,118,109,133,24
2018,Mount St. Mary's,NEC,,18,14,240,-6.42,103.9,110.3,64.7,0.029,-8.64,100.9,109.6,-3.43,192,280,325,102,335,328,342,273
2018,UTEP,CUSA,,11,20,241,-6.5,98.2,104.7,67.6,-0.039,-1.11,104.5,105.6,-2.47,300,163,203,277,166,181,159,236
2018,Cal St. Bakersfield,WAC,,12,18,242,-6.59,97.5,104.1,65.3,-0.024,0.75,105.8,105,4.82,308,157,313,247,125,122,130,43
2018,Texas Southern,SWAC,16,16,20,243,-6.63,104.8,111.4,71.7,-0.01,-6.24,101.3,107.5,17.3,181,299,30,206,305,317,271,1
2018,California,P12,,8,24,244,-7.17,98.4,105.6,68.6,0.008,5.27,109.2,103.9,-2.97,295,180,153,156,72,54,95,251
2018,Charleston Southern,BSth,,15,16,245,-7.27,99.7,106.9,66.4,-0.019,-5.86,102.7,108.5,-1.05,263,202,263,233,297,274,319,184
2018,UNC Wilmington,CAA,,11,21,246,-7.44,104.5,112,72,-0.023,-0.3,106.8,107.1,2.87,185,305,26,240,145,96,252,83
2018,Delaware,CAA,,14,19,247,-7.58,102.2,109.8,65.9,0.015,-2.51,105.3,107.8,-3.34,232,268,285,139,212,146,281,268
2018,Elon,CAA,,14,18,248,-7.64,103.8,111.5,67.3,0.061,-0.93,105.5,106.5,2.4,194,301,219,52,162,135,210,88
2018,Northern Illinois,MAC,,13,19,249,-7.67,103.5,111.2,67,0.002,-1.43,105,106.4,-3.78,202,297,233,174,178,158,206,285
2018,Southern Utah,BSky,,13,19,250,-7.68,102.5,110.2,71.7,0.062,-0.34,106.1,106.4,5.03,221,273,31,47,146,112,207,39
2018,Hampton,MEAC,,19,16,251,-7.69,101.2,108.9,71.9,-0.017,-11.02,99.8,110.8,1.03,243,251,27,224,346,342,349,136
2018,Drexel,CAA,,13,20,252,-7.75,103.2,110.9,69,0.064,-2.14,105.6,107.7,-2.42,211,292,124,42,196,131,279,231
2018,Robert Morris,NEC,,16,17,253,-7.84,94.9,102.8,69.3,0.036,-5.75,102.9,108.7,0.97,331,122,112,89,296,264,324,139
2018,NJIT,ASun,,14,16,254,-7.96,98.8,106.8,66.9,-0.024,-7.21,103.5,110.7,-2.51,286,199,238,243,323,232,348,237
2018,Akron,MAC,,14,18,255,-8.03,102,110.1,67.8,0.068,-1.96,104.7,106.7,-5.28,234,271,197,35,188,174,227,310
2018,Southeast Missouri St.,OVC,,14,17,256,-8.11,108.7,116.8,69.2,0.021,-4.5,101.9,106.4,-2.42,107,340,116,121,275,301,204,232
2018,Eastern Illinois,OVC,,12,19,257,-8.19,99.2,107.4,65.5,0.009,-2.42,103.6,106,1.92,277,214,304,149,203,231,179,107
2018,Boston University,Pat,,15,16,258,-8.24,100.4,108.6,67.5,0.057,-5.48,102.4,107.9,-2.33,256,240,207,58,292,283,290,227
2018,LIU Brooklyn,NEC,16,18,17,259,-8.32,102.5,110.8,71.6,0.012,-8.68,100.4,109.1,-6.05,220,289,37,144,336,334,333,317
2018,Gardner Webb,BSth,,14,18,260,-8.38,97.9,106.2,67.7,0.021,-2.69,103.4,106.1,6.53,304,191,198,120,215,236,188,23
2018,UT Rio Grande Valley,WAC,,15,18,261,-8.44,99.5,108,73.7,0.064,-2.72,102.2,104.9,-2.42,267,228,9,43,216,291,125,230
2018,Abilene Christian,Slnd,,16,16,262,-8.56,98.4,107,68.6,0.014,-6.38,101.6,108,-3.06,296,204,154,141,306,308,295,254
2018,Army,Pat,,13,17,263,-8.71,100,108.7,70.4,-0.045,-7.16,102.1,109.3,-4.73,259,245,67,284,321,294,338,301
2018,New Orleans,Slnd,,16,17,264,-8.86,98.8,107.6,66.1,0.047,-4.72,101.9,106.6,11.04,287,223,276,66,279,302,221,3
2018,Cornell,Ivy,,12,16,265,-8.93,104.9,113.8,69.2,0.057,-3.19,103.7,106.9,-1.8,177,324,118,57,236,224,233,208
2018,Green Bay,Horz,,13,20,266,-8.97,99.9,108.9,72.2,-0.028,-4.39,102.7,107,0.32,261,254,23,259,269,277,249,151
2018,UC Riverside,BW,,9,22,267,-9.1,94.7,103.8,68.2,-0.067,-1.19,104.1,105.3,1.86,333,151,177,323,169,197,141,110
2018,Prairie View A&M,SWAC,,16,18,268,-9.16,101.7,110.8,70.8,0.01,-7.86,100.2,108.1,10.54,240,288,55,147,330,337,301,4
2018,Brown,Ivy,,11,16,269,-9.23,101,110.2,71.7,0.004,-5.56,102.6,108.2,-7.08,246,278,32,168,293,279,306,334
2018,Montana St.,BSky,,13,19,270,-9.24,102.3,111.5,69.7,0.026,-2.78,104.8,107.5,-1.81,226,302,91,109,219,171,272,209
2018,Pepperdine,WCC,,6,26,271,-9.38,105.3,114.7,67.5,-0.056,1.27,106.6,105.4,-0.59,168,326,208,304,113,103,149,172
2018,Portland,WCC,,10,22,272,-9.54,99.3,108.8,67.1,-0.001,1.36,106.8,105.4,0.66,274,249,225,181,111,97,152,145
2018,Morehead St.,OVC,,8,21,273,-9.99,99.2,109.2,68.5,-0.069,-0.72,105,105.7,7.56,275,258,164,328,157,161,163,17
2018,Santa Clara,WCC,,11,20,274,-10.2,99.5,109.7,64.6,0.018,-1.15,105.5,106.7,-6.7,268,264,326,127,167,138,224,327
2018,Lafayette,Pat,,10,21,275,-10.21,102,112.2,68.3,-0.097,-6.53,101.7,108.3,-2.81,233,310,174,345,309,305,312,245
2018,Fairleigh Dickinson,NEC,,13,18,276,-10.24,102.4,112.6,70.4,0.025,-5.62,102.3,107.9,5.78,223,315,66,112,295,288,291,31
2018,UMKC,WAC,,10,22,277,-10.27,98.5,108.7,69.3,-0.009,-0.11,105,105.1,2.02,294,244,111,202,142,157,136,102
2018,New Hampshire,AE,,10,21,278,-10.38,98.4,108.8,65.4,-0.069,-4.84,102.6,107.4,-4.04,297,246,311,327,282,280,268,289
2018,South Florida,Amer,,10,22,279,-10.45,99.1,109.5,64.5,-0.013,-1.69,103.8,105.5,-11.61,282,261,327,211,180,213,154,347
2018,Quinnipiac,MAAC,,12,21,280,-10.48,101.9,112.4,66.5,0.079,-4.17,103.3,107.5,-3.77,236,313,260,21,260,244,270,282
2018,Arkansas St.,SB,,11,21,281,-10.56,104.7,115.3,69.5,0.017,-2.23,103.1,105.3,-2.75,182,334,99,131,200,256,147,244
2018,North Florida,ASun,,14,19,282,-10.62,107.9,118.5,73.6,0.074,-0.79,105,105.8,9.96,121,345,11,29,158,160,168,5
2018,Nebraska Omaha,Sum,,9,22,283,-10.65,104.3,114.9,69.8,0.012,1.85,107.2,105.3,4.39,188,330,87,143,104,88,143,53
2018,Sacramento St.,BSky,,7,25,284,-10.72,100,110.8,65.6,-0.067,0.15,105.8,105.6,3.46,258,286,303,321,137,119,161,74
2018,Eastern Kentucky,OVC,,11,20,285,-10.96,101.9,112.8,68.5,0.017,-2.45,103.5,105.9,1.27,237,316,161,129,206,234,176,126
2018,IUPUI,Horz,,11,19,286,-11.04,98.3,109.3,66.1,0.03,-3.5,103.3,106.8,2.35,299,260,277,100,243,246,229,90
2018,UMass Lowell,AE,,12,18,287,-11.04,103.8,114.9,71.6,0.002,-6.84,101,107.8,-9.71,195,329,36,172,315,326,283,343
2018,Bethune Cookman,MEAC,,18,14,288,-11.06,99.8,110.8,76,0.025,-13.35,97.4,110.8,-5.06,262,287,3,111,351,351,350,305
2018,Rice,CUSA,,7,24,289,-11.1,99.2,110.3,67.5,-0.041,0.24,104.4,104.2,1.14,276,279,210,281,134,183,104,132
2018,Holy Cross,Pat,,12,19,290,-11.39,97.7,109.1,62.9,0.026,-6.01,102,108,-3.43,306,256,346,107,299,297,296,272
2018,McNeese St.,Slnd,,12,17,291,-11.4,100.9,112.3,70.4,-0.025,-4.94,101.7,106.7,7.73,247,311,68,248,283,306,225,15
2018,Tennessee Martin,OVC,,10,21,292,-11.65,95.7,107.4,66.1,-0.019,-4.37,103.5,107.8,-2.71,326,213,275,232,268,233,287,242
2018,Fordham,A10,,9,22,293,-11.66,94.7,106.3,66,0.009,-0.37,104.8,105.1,-5.38,334,192,283,151,148,170,138,312
2018,Western Illinois,Sum,,12,16,294,-11.68,96.3,108,68.1,0.006,-2.19,105.1,107.3,-6.61,319,227,183,160,198,151,258,326
2018,Grambling St.,SWAC,,17,14,295,-11.7,94.5,106.2,72.2,0.102,-9.82,99.1,108.9,3.07,336,190,24,9,343,346,329,80
2018,Little Rock,SB,,7,25,296,-11.87,94.1,105.9,65,-0.058,-1.27,104.3,105.6,-0.23,338,185,320,307,173,190,156,166
2018,Samford,SC,,10,22,297,-11.98,108,119.9,71.2,-0.036,-2.03,103.7,105.8,3.85,119,349,47,272,192,219,169,63
2018,Binghamton,AE,,11,20,298,-11.99,97.6,109.6,66,-0.061,-6.88,101.2,108.1,-8.65,307,263,280,316,317,320,302,339
2018,Dartmouth,Ivy,,7,20,299,-12.18,98.7,110.9,66.8,-0.043,-3.68,103.7,107.4,-3.02,291,290,245,282,247,222,263,253
2018,San Jose St.,MWC,,4,26,300,-12.23,95.7,107.9,67.1,-0.03,3.13,107.5,104.3,-0.78,328,226,227,262,90,81,108,179
2018,Western Carolina,SC,,13,19,301,-12.27,96,108.2,69.4,0.102,-0.59,105.4,106,5.28,323,232,109,10,151,142,180,35
2018,Siena,MAAC,,8,24,302,-12.41,96.7,109.1,65.7,-0.015,-3,104.3,107.2,0.51,316,255,298,219,232,193,257,149
2018,Cleveland St.,Horz,,12,23,303,-12.45,97.9,110.4,67.1,0.032,-3.9,103,106.9,-1.33,303,282,229,96,254,263,232,192
2018,Chattanooga,SC,,10,23,304,-12.5,99.4,111.9,65.5,-0.024,-3.32,103.6,106.9,-2.04,271,304,307,244,239,226,242,219
2018,Sacred Heart,NEC,,10,21,305,-12.64,96.2,108.8,68.3,-0.076,-8.07,101.1,109.2,-3.98,320,250,172,333,332,322,334,287
2018,North Carolina A&T,MEAC,,20,15,306,-12.67,98.3,111,69.2,0.098,-11.75,98.9,110.7,-1.23,298,294,113,12,348,347,346,188
2018,Texas A&M Corpus Chris,Slnd,,11,18,307,-12.76,94.8,107.6,68.2,-0.015,-5.99,101.2,107.2,4.65,332,222,179,217,298,319,256,45
2018,East Carolina,Amer,,10,20,308,-12.78,97,109.7,68.7,0.026,-2.42,103.1,105.5,-16.33,312,267,147,110,204,258,155,349
2018,Charlotte,CUSA,,6,23,309,-12.8,99.5,112.3,71.2,-0.024,0.21,104.8,104.6,-3.12,266,312,48,246,136,168,119,260
2018,Kennesaw St.,ASun,,10,20,310,-12.81,99.1,111.9,68.5,-0.023,-4.46,104,108.4,2.59,280,303,163,241,273,206,315,86
2018,Central Connecticut,NEC,,14,18,311,-12.92,98.2,111.1,64.5,0.066,-7.36,101.1,108.4,-3.74,301,296,329,38,325,323,314,281
2018,Norfolk St.,MEAC,,14,19,312,-13.15,95.7,108.8,69,0.002,-10.96,99.2,110.1,0.78,329,248,126,173,345,344,345,143
2018,St. Francis NY,NEC,,13,18,313,-13.22,98.8,112.1,69.2,0.022,-7.34,101.3,108.6,-2.33,285,308,114,116,324,316,322,228
2018,Stetson,ASun,,12,20,314,-13.27,98.7,112,69.8,-0.041,-6.45,102.3,108.7,-4.22,289,306,86,280,307,289,326,295
2018,The Citadel,SC,,11,21,315,-13.3,101.8,115.1,77.2,0.062,-2.5,103.8,106.3,1.08,239,332,2,48,210,214,200,134
2018,North Carolina Central,MEAC,16,19,16,316,-13.46,96.8,110.2,64.9,0.019,-12.78,98.7,111.4,-1.63,314,277,321,126,350,349,351,201
2018,Savannah St.,MEAC,,15,17,317,-13.55,101.2,114.7,82.3,0.108,-6.78,101.4,108.2,15.3,245,328,1,8,311,312,309,2
2018,SIU Edwardsville,OVC,,9,21,318,-13.62,99.6,113.3,69.2,0.069,-2.91,103.7,106.6,-1.29,265,318,119,34,226,225,215,190
2018,Jacksonville,ASun,,15,18,319,-14.28,94.4,108.6,68.6,0.06,-6.8,102.6,109.4,-3.14,337,241,155,53,312,282,339,261
2018,Marist,MAAC,,6,25,320,-14.49,98.7,113.2,69.6,-0.048,-4.23,103.6,107.8,-3.37,290,317,96,294,261,230,285,269
2018,Detroit,Horz,,8,24,321,-14.5,102.6,117.1,72.4,-0.011,-2.33,103.7,106.1,4.7,217,342,20,208,201,217,186,44
2018,Loyola MD,Pat,,9,22,322,-14.62,96.4,111,68.4,0.02,-5.37,102.8,108.2,-1.62,318,295,169,122,290,269,308,200
2018,Morgan St.,MEAC,,13,19,323,-14.83,96.5,111.4,68.9,-0.06,-11.92,98.8,110.7,0.38,317,298,133,313,349,348,347,150
2018,Youngstown St.,Horz,,8,24,324,-14.88,101.4,116.3,71.1,-0.01,-1.98,103.3,105.3,5.24,242,338,50,205,189,240,145,36
2018,Cal Poly,BW,,9,22,325,-14.89,98.5,113.4,66.2,0.051,-1.28,104.1,105.4,0.65,293,320,270,62,174,201,148,146
2018,Southern,SWAC,,15,18,326,-15.49,94.5,110,68,0.051,-11.18,98.3,109.5,6.64,335,270,187,61,347,350,340,21
2018,Northern Arizona,BSky,,5,27,327,-15.96,93.8,109.7,68.6,-0.03,0.36,105.5,105.2,3.61,341,265,157,264,132,140,139,72
2018,American,Pat,,6,24,328,-16.16,95.8,112,66.5,-0.061,-6.14,102.4,108.5,-3.11,324,307,257,315,301,286,317,258
2018,Cal St. Northridge,BW,,6,24,329,-16.4,97,113.4,65.8,-0.047,-3.12,103,106.2,-3.43,311,319,291,289,233,260,193,271
2018,Arkansas Pine Bluff,SWAC,,14,21,330,-16.42,93.8,110.2,67.5,0.044,-9.57,99.1,108.7,3.46,339,275,212,67,342,345,323,75
2018,VMI,SC,,9,21,331,-17.38,90.2,107.6,68.8,0.024,-3.7,104.3,108,-2.4,346,219,139,113,248,189,298,229
2018,Maine,AE,,6,26,332,-17.5,91.1,108.6,71.3,-0.002,-2.82,103.7,106.5,-1.57,342,239,42,183,224,223,211,197
2018,Presbyterian,BSth,,11,21,333,-17.51,98.1,115.6,63.4,0.062,-5,102,107,-3.29,302,336,342,51,285,296,247,266
2018,Houston Baptist,Slnd,,6,25,334,-17.56,99.2,116.7,73.5,-0.092,-3.46,102.8,106.3,9.33,278,339,14,342,242,271,197,7
2018,Howard,MEAC,,10,23,335,-19.04,99.7,118.7,69.9,-0.039,-9.45,99.8,109.3,2.34,264,346,84,275,341,340,337,91
2018,Alcorn St.,SWAC,,11,21,336,-19.4,95.2,114.6,68,-0.055,-8.98,99.9,108.9,9.9,330,325,186,302,338,339,328,6
2018,Jackson St.,SWAC,,12,20,337,-19.57,89.7,109.2,64.1,0.062,-9.93,99.9,109.8,4.42,348,259,338,46,344,338,344,52
2018,USC Upstate,ASun,,7,25,338,-19.73,105.5,125.2,69,-0.051,-3.35,103.3,106.6,1.9,166,351,123,295,240,247,222,108
2018,Alabama St.,SWAC,,8,23,339,-19.8,96.1,115.9,68.7,-0.018,-9.04,99.5,108.6,4.85,322,337,145,228,339,343,321,40
2018,Longwood,BSth,,7,26,340,-20.26,89.9,110.2,69.1,-0.039,-3.77,103.1,106.9,-0.84,347,274,121,276,250,257,234,181
2018,Florida A&M,MEAC,,9,25,341,-21.21,95.8,117,67.1,0.04,-7.51,101.2,108.8,6.48,325,341,228,78,328,318,327,25
2018,Incarnate Word,Slnd,,7,21,342,-21.5,93.8,115.2,69.7,-0.006,-5.37,101.5,106.9,8.25,340,333,94,195,291,310,236,12
2018,South Carolina St.,MEAC,,10,22,343,-21.85,97.1,118.9,70.5,0.03,-8.91,100.3,109.2,4.55,310,347,64,101,337,335,336,48
2018,Bryant,NEC,,3,28,344,-22.11,98.9,121,70.1,-0.013,-5.31,102.1,107.4,1.29,283,350,74,210,289,293,267,125
2018,Northwestern St.,Slnd,,4,25,345,-22.3,88.6,110.9,68.8,-0.08,-3.44,102.9,106.3,8.09,349,291,138,337,241,267,202,13
2018,Chicago St.,WAC,,3,29,346,-22.6,96.7,119.3,72.1,-0.063,2.86,106.3,103.5,6.25,315,348,25,317,93,107,86,27
2018,Coppin St.,MEAC,,5,27,347,-24.01,86.7,110.7,67,-0.026,-7.19,101,108.2,5.54,351,285,230,254,322,325,307,33
2018,Mississippi Valley St.,SWAC,,4,28,348,-24.18,90.5,114.7,69.4,-0.032,-7.39,100.6,108,7.3,345,327,107,268,326,332,294,19
2018,Maryland Eastern Shore,MEAC,,7,25,349,-27.06,91,118.1,65.9,-0.018,-7.53,101.2,108.7,7.54,343,343,286,227,329,321,325,18
2018,Delaware St.,MEAC,,4,28,350,-27.99,90.5,118.5,64.9,-0.094,-9.23,99.8,109,1.57,344,344,322,344,340,341,331,114
2018,Alabama A&M,SWAC,,3,28,351,-28.3,86.8,115.1,65.7,-0.04,-8.05,100.5,108.5,4.84,350,331,293,279,331,333,320,42
